PR Number,Title,Created At,Updated At,State,Files Changed,Total Comments,Decision Time,URL,Type of Change,LOC Changed,Closed Date
45672,Ebus support,2021-01-28 21:25:17+00:00,2021-09-14 21:01:54+00:00,closed,15,5,227,https://github.com/home-assistant/core/pull/45672,New integration (thank you!),958,2021-09-13T20:05:09Z
98240,Add SpaNET integration,2023-08-11 04:15:26+00:00,2023-12-26 04:02:00+00:00,closed,14,7,135,https://github.com/home-assistant/core/pull/98240,New integration (thank you!),394,2023-12-25T03:05:21Z
93626,Add jsonlog component for dedicated JSON-formatted log file,2023-05-26 19:32:31+00:00,2023-12-11 20:56:12+00:00,closed,14,0,166,https://github.com/home-assistant/core/pull/93626,New integration (thank you!),384,2023-11-09T14:28:38Z
77249,Add inels integration,2022-08-24 09:21:58+00:00,2023-03-11 12:02:06+00:00,closed,26,14,198,https://github.com/home-assistant/core/pull/77249,New integration (thank you!),1807,2023-03-10T11:59:42Z
53401,Twcmanager integration,2021-07-23 20:32:47+00:00,2022-06-23 19:48:57+00:00,closed,13,25,334,https://github.com/home-assistant/core/pull/53401,New integration (thank you!),365,2022-06-23T19:48:56Z
47507,Add Picnic integration,2021-03-06 11:54:41+00:00,2021-04-29 05:49:15+00:00,merged,16,47,46,https://github.com/home-assistant/core/pull/47507,New integration (thank you!),1171,2021-04-22T05:21:57Z
48042,Add new Bitvavo integration,2021-03-17 19:51:16+00:00,2021-07-22 10:01:46+00:00,closed,18,46,125,https://github.com/home-assistant/core/pull/48042,New integration (thank you!),1055,2021-07-21T09:30:30Z
94618,Add SMA Manager Integration,2023-06-14 21:53:23+00:00,2024-04-29 04:01:50+00:00,closed,7,48,318,https://github.com/home-assistant/core/pull/94618,New integration (thank you!),477,2024-04-28T03:05:51Z
118012,Add duwi integration,2024-05-24 05:54:11+00:00,2024-10-29 09:02:07+00:00,closed,13,0,157,https://github.com/home-assistant/core/pull/118012,New integration (thank you!),1454,2024-10-28T08:07:33Z
111465,Add plexamp integration,2024-02-26 10:25:48+00:00,2024-05-15 10:03:00+00:00,closed,13,10,77,https://github.com/home-assistant/core/pull/111465,New integration (thank you!),1088,2024-05-14T09:06:02Z
61677,Add WalkingPad integration,2021-12-13 12:03:46+00:00,2022-03-25 04:01:58+00:00,closed,15,0,100,https://github.com/home-assistant/core/pull/61677,New integration (thank you!),929,2022-03-24T03:10:26Z
73363,Add Landis+Gyr Heat Meter integration,2022-06-11 16:47:38+00:00,2022-10-08 13:14:37+00:00,merged,15,84,67,https://github.com/home-assistant/core/pull/73363,New integration (thank you!),1011,2022-08-18T14:40:04Z
80061,Add Rainforest RAVEn integration,2022-10-11 00:56:07+00:00,2024-01-06 17:01:46+00:00,merged,24,73,451,https://github.com/home-assistant/core/pull/80061,New integration (thank you!),1431,2024-01-05T13:00:54Z
84443,Seitron integration,2022-12-22 14:15:29+00:00,2023-04-20 21:01:51+00:00,closed,17,33,118,https://github.com/home-assistant/core/pull/84443,New integration (thank you!),428,2023-04-19T20:05:26Z
53689,Add new Bitvavo integration,2021-07-29 12:23:37+00:00,2023-01-22 16:03:24+00:00,closed,17,17,541,https://github.com/home-assistant/core/pull/53689,New integration (thank you!),973,2023-01-21T15:05:23Z
101988,Add Acaia integration,2023-10-14 10:16:35+00:00,2024-01-08 20:02:08+00:00,closed,23,0,85,https://github.com/home-assistant/core/pull/101988,New integration (thank you!),682,2024-01-07T19:02:25Z
84748,Add JVC Projector integration,2022-12-29 01:28:53+00:00,2024-01-26 15:50:40+00:00,merged,21,39,127,https://github.com/home-assistant/core/pull/84748,New integration (thank you!),1030,2023-05-05T18:44:54Z
82637,Add Google Mail integration,2022-11-24 14:03:35+00:00,2023-01-26 21:01:43+00:00,merged,30,47,44,https://github.com/home-assistant/core/pull/82637,New integration (thank you!),1303,2023-01-07T19:59:15Z
80326,Add formula_one integration,2022-10-14 13:04:38+00:00,2024-05-05 19:01:42+00:00,closed,16,78,568,https://github.com/home-assistant/core/pull/80326,New integration (thank you!),1671,2024-05-04T18:05:06Z
68577,Add ZiGate device on automatic integration USB and ZEROCONF,2022-03-23 17:22:29+00:00,2022-05-10 00:05:26+00:00,merged,5,15,46,https://github.com/home-assistant/core/pull/68577,New integration (thank you!),154,2022-05-08T23:27:09Z
55812,Add HomeWizard Energy integration,2021-09-05 21:15:33+00:00,2022-01-12 18:01:58+00:00,merged,21,103,127,https://github.com/home-assistant/core/pull/55812,New integration (thank you!),1974,2022-01-11T00:23:32Z
70361,Add new integration to control Electra Smart HVAC devices,2022-04-21 08:41:13+00:00,2024-07-28 07:19:30+00:00,merged,21,7,394,https://github.com/home-assistant/core/pull/70361,New integration (thank you!),832,2023-05-20T10:13:32Z
58503,Add Goodwe solar inverter integration,2021-10-26 21:13:32+00:00,2022-01-12 21:46:54+00:00,merged,16,155,70,https://github.com/home-assistant/core/pull/58503,New integration (thank you!),725,2022-01-04T21:19:32Z
76190,Add Aqara,2022-08-04 06:43:45+00:00,2023-08-17 09:01:58+00:00,closed,31,0,377,https://github.com/home-assistant/core/pull/76190,New integration (thank you!),23132,2023-08-16T08:05:32Z
50284,Add Geocaching integration,2021-05-08 10:17:55+00:00,2022-05-30 15:06:41+00:00,merged,20,88,368,https://github.com/home-assistant/core/pull/50284,New integration (thank you!),820,2022-05-12T10:12:47Z
63671,New integration for Invoxiaâ„¢ GPS Trackers,2022-01-08 11:48:40+00:00,2024-07-06 19:01:57+00:00,closed,23,59,909,https://github.com/home-assistant/core/pull/63671,New integration (thank you!),1005,2024-07-05T18:08:24Z
65352,Create new Unmanic integration,2022-02-01 05:45:37+00:00,2022-03-18 01:28:33+00:00,closed,18,15,43,https://github.com/home-assistant/core/pull/65352,New integration (thank you!),530,2022-03-17T00:14:59Z
48156,System Bridge Integration,2021-03-20 15:16:31+00:00,2021-05-07 00:01:46+00:00,merged,17,44,46,https://github.com/home-assistant/core/pull/48156,New integration (thank you!),1436,2021-05-05T23:33:32Z
100569,Add Husqvarna Automower integration,2023-09-18 21:53:18+00:00,2024-01-24 13:04:53+00:00,closed,15378,37,126,https://github.com/home-assistant/core/pull/100569,New integration (thank you!),2595489,2024-01-23T12:45:27Z
120087,Add IoTMeter integration,2024-06-21 11:26:20+00:00,2024-10-28 16:02:17+00:00,closed,15,29,128,https://github.com/home-assistant/core/pull/120087,New integration (thank you!),853,2024-10-27T15:05:16Z
56357,Add Uonet+ Vulcan integration,2021-09-17 20:54:19+00:00,2022-05-03 10:37:54+00:00,merged,19,37,193,https://github.com/home-assistant/core/pull/56357,New integration (thank you!),1921,2022-03-30T15:55:24Z
45074,Add AEMET OpenData integration,2021-01-12 08:40:43+00:00,2021-02-14 22:06:22+00:00,merged,31,106,32,https://github.com/home-assistant/core/pull/45074,New integration (thank you!),4398,2021-02-13T20:53:28Z
61233,Add SENZ OAuth2 integration ,2021-12-08 11:21:45+00:00,2022-04-15 23:02:06+00:00,merged,17,7,127,https://github.com/home-assistant/core/pull/61233,New integration (thank you!),416,2022-04-14T22:29:32Z
51763,Add Mawaqit Integration,2021-06-11 22:08:22+00:00,2021-11-05 01:22:51+00:00,closed,14,0,145,https://github.com/home-assistant/core/pull/51763,New integration (thank you!),684,2021-11-04T00:09:56Z
62764,Starlink integration,2021-12-25 04:14:50+00:00,2022-05-10 14:06:47+00:00,closed,16,15,134,https://github.com/home-assistant/core/pull/62764,New integration (thank you!),749,2022-05-08T23:24:53Z
63396,Add configuration_url for BleBox,2022-01-04 18:51:53+00:00,2022-04-12 21:02:03+00:00,closed,12,1,97,https://github.com/home-assistant/core/pull/63396,New integration (thank you!),22,2022-04-11T20:09:56Z
62451,Add Hyundai/Kia Connect integration,2021-12-20 22:17:46+00:00,2022-07-16 13:06:46+00:00,closed,15,87,206,https://github.com/home-assistant/core/pull/62451,New integration (thank you!),748,2022-07-15T12:07:32Z
52943,Weback cloud integration,2021-07-12 22:44:22+00:00,2021-10-26 17:18:05+00:00,closed,15,0,104,https://github.com/home-assistant/core/pull/52943,New integration (thank you!),512,2021-10-25T16:11:02Z
95613,Add Mypermobil integration,2023-06-30 09:21:37+00:00,2023-11-25 17:01:37+00:00,merged,17,184,147,https://github.com/home-assistant/core/pull/95613,New integration (thank you!),944,2023-11-24T09:41:00Z
62801,AlphaESS Integration,2021-12-26 14:39:25+00:00,2022-06-03 01:29:10+00:00,closed,17,67,157,https://github.com/home-assistant/core/pull/62801,New integration (thank you!),601,2022-06-02T00:21:57Z
109497,Add Motionblinds BLE integration,2024-02-03 11:02:29+00:00,2024-03-27 11:01:48+00:00,merged,17,196,51,https://github.com/home-assistant/core/pull/109497,New integration (thank you!),982,2024-03-26T08:52:04Z
94824,New integration Midea ccm15 climate,2023-06-18 17:53:39+00:00,2023-12-24 21:01:36+00:00,merged,18,116,188,https://github.com/home-assistant/core/pull/94824,New integration (thank you!),1121,2023-12-23T20:24:52Z
108326,Add husqvarna automower ble integration,2024-01-18 22:04:09+00:00,2024-10-26 21:01:43+00:00,merged,21,93,280,https://github.com/home-assistant/core/pull/108326,New integration (thank you!),1132,2024-10-25T14:54:03Z
72235,Add Dremel 3D Printer integration,2022-05-20 14:19:09+00:00,2023-06-01 03:16:25+00:00,closed,19,16,375,https://github.com/home-assistant/core/pull/72235,New integration (thank you!),730,2023-05-31T02:55:37Z
90286,Add Bosch HomeCom integration,2023-03-25 22:44:42+00:00,2023-07-02 09:01:57+00:00,closed,17,13,97,https://github.com/home-assistant/core/pull/90286,New integration (thank you!),474,2023-07-01T08:05:27Z
54569,Add Solar Frontier Inverter integration,2021-08-13 00:00:59+00:00,2021-11-25 15:01:57+00:00,closed,6,2,103,https://github.com/home-assistant/core/pull/54569,New integration (thank you!),223,2021-11-24T14:05:06Z
85893,Add Sunsynk Integration,2023-01-14 20:40:06+00:00,2024-06-15 21:01:35+00:00,closed,14,74,516,https://github.com/home-assistant/core/pull/85893,New integration (thank you!),585,2024-06-14T20:05:14Z
90489,Add Opower integration for getting electricity/gas usage and cost for many utilities,2023-03-30 04:23:40+00:00,2023-07-04 12:08:35+00:00,merged,16,26,94,https://github.com/home-assistant/core/pull/90489,New integration (thank you!),873,2023-07-03T01:26:31Z
72393,JustNimbus integration,2022-05-23 22:03:06+00:00,2022-07-26 13:15:09+00:00,closed,14,0,62,https://github.com/home-assistant/core/pull/72393,New integration (thank you!),610,2022-07-25T13:12:13Z
81948,Add `date` platform,2022-11-11 07:10:48+00:00,2023-05-02 12:02:11+00:00,merged,13,27,170,https://github.com/home-assistant/core/pull/81948,New integration (thank you!),360,2023-04-30T18:34:58Z
77188,MPRIS Linux HTPC/desktop/laptop media player remote control,2022-08-23 00:17:38+00:00,2024-01-10 14:18:19+00:00,closed,21,141,504,https://github.com/home-assistant/core/pull/77188,New integration (thank you!),1820,2024-01-09T10:48:04Z
50910,on hold!: Add news integration,2021-05-20 17:22:42+00:00,2022-10-07 14:06:37+00:00,closed,11,6,47,https://github.com/home-assistant/core/pull/50910,New integration (thank you!),706,2021-07-07T12:01:02Z
94438,Add Miraie AC integration,2023-06-11 20:39:31+00:00,2024-02-20 16:06:52+00:00,closed,13,67,252,https://github.com/home-assistant/core/pull/94438,New integration (thank you!),739,2024-02-19T16:05:47Z
101786,Add Viam image processing integration,2023-10-10 20:14:11+00:00,2024-05-15 12:03:31+00:00,merged,18,114,216,https://github.com/home-assistant/core/pull/101786,New integration (thank you!),1299,2024-05-14T11:35:56Z
60080,Tuya Alarm Initial commit,2021-11-21 12:24:42+00:00,2022-01-08 14:01:37+00:00,merged,3,38,47,https://github.com/home-assistant/core/pull/60080,New integration (thank you!),143,2022-01-07T13:20:30Z
117117,Add Aquacell integration,2024-05-08 22:16:26+00:00,2024-07-04 20:11:37+00:00,merged,21,81,28,https://github.com/home-assistant/core/pull/117117,New integration (thank you!),1151,2024-06-06T20:33:58Z
50663,Add Heatzy integration,2021-05-15 12:01:47+00:00,2021-09-21 17:05:38+00:00,closed,13,23,128,https://github.com/home-assistant/core/pull/50663,New integration (thank you!),465,2021-09-20T16:09:42Z
70080,Add new integration Loqed,2022-04-15 08:52:34+00:00,2023-06-29 11:02:03+00:00,merged,28,181,438,https://github.com/home-assistant/core/pull/70080,New integration (thank you!),1154,2023-06-28T07:42:12Z
107360,Smartfox,2024-01-06 10:36:12+00:00,2024-03-14 14:01:55+00:00,closed,14,8,67,https://github.com/home-assistant/core/pull/107360,New integration (thank you!),776,2024-03-13T13:04:37Z
78790,Add support for Snooz BLE devices,2022-09-19 18:42:31+00:00,2022-10-12 07:08:38+00:00,merged,22,43,21,https://github.com/home-assistant/core/pull/78790,New integration (thank you!),1257,2022-10-10T23:14:28Z
60323,Add slow_pwm integration,2021-11-25 10:46:34+00:00,2022-03-19 15:01:46+00:00,closed,7,0,113,https://github.com/home-assistant/core/pull/60323,New integration (thank you!),420,2022-03-18T14:07:34Z
104725,Add Epic Games Store integration,2023-11-29 14:53:18+00:00,2024-04-23 10:01:44+00:00,merged,26,31,144,https://github.com/home-assistant/core/pull/104725,New integration (thank you!),5125,2024-04-22T07:54:47Z
59321,Elmax integration,2021-11-07 22:58:40+00:00,2021-12-09 21:01:46+00:00,merged,19,102,29,https://github.com/home-assistant/core/pull/59321,New integration (thank you!),1206,2021-12-07T21:42:55Z
50913,Add NobÃ¸ Ecohub integration,2021-05-20 18:54:48+00:00,2022-09-04 14:01:45+00:00,merged,14,252,470,https://github.com/home-assistant/core/pull/50913,New integration (thank you!),922,2022-09-03T08:11:40Z
93604,Add Owlet integration,2023-05-26 14:11:28+00:00,2024-02-01 19:01:45+00:00,closed,24,70,250,https://github.com/home-assistant/core/pull/93604,New integration (thank you!),4380,2024-01-31T18:04:42Z
77742,Add new integration mhtzn,2022-09-03 02:59:47+00:00,2022-12-20 14:13:37+00:00,closed,15,0,107,https://github.com/home-assistant/core/pull/77742,New integration (thank you!),1258,2022-12-19T13:08:30Z
101973,Add Browan integration,2023-10-13 22:19:33+00:00,2024-01-17 02:13:16+00:00,closed,20,13,94,https://github.com/home-assistant/core/pull/101973,New integration (thank you!),1026,2024-01-16T01:29:17Z
56450,Add flukso integration,2021-09-20 11:36:31+00:00,2022-05-31 15:02:43+00:00,closed,16,3,252,https://github.com/home-assistant/core/pull/56450,New integration (thank you!),798,2022-05-30T14:06:24Z
70908,New KinCony Hx component,2022-04-27 13:26:45+00:00,2022-08-11 10:01:55+00:00,closed,9,0,104,https://github.com/home-assistant/core/pull/70908,New integration (thank you!),470,2022-08-10T09:05:33Z
58316,Create new HALO Home integration,2021-10-24 02:46:33+00:00,2023-01-04 18:21:02+00:00,closed,16,30,436,https://github.com/home-assistant/core/pull/58316,New integration (thank you!),571,2023-01-03T17:20:32Z
98703,Add Hong Kong Observatory integration,2023-08-20 12:05:59+00:00,2024-01-06 14:01:53+00:00,merged,17,50,138,https://github.com/home-assistant/core/pull/98703,New integration (thank you!),705,2024-01-05T13:52:46Z
62338,Dialog flow v3,2021-12-19 20:27:31+00:00,2022-04-07 23:02:04+00:00,closed,1,7,108,https://github.com/home-assistant/core/pull/62338,New integration (thank you!),47,2022-04-06T22:05:00Z
71526,Add Sungrow solar inverter integration,2022-05-08 13:01:44+00:00,2023-11-30 22:06:49+00:00,closed,14,75,570,https://github.com/home-assistant/core/pull/71526,New integration (thank you!),1449,2023-11-29T21:27:08Z
48558,Add Modbus fan integration,2021-03-31 19:43:32+00:00,2021-05-22 10:34:08+00:00,merged,4,21,50,https://github.com/home-assistant/core/pull/48558,New integration (thank you!),487,2021-05-21T07:56:47Z
119414,Add LLM API to get travel time and directions from Google Maps (directions api),2024-06-11 17:37:49+00:00,2024-07-07 17:02:01+00:00,closed,12,0,24,https://github.com/home-assistant/core/pull/119414,New integration (thank you!),279,2024-07-06T16:03:23Z
81182,New notification service for ntfy.sh,2022-10-29 10:17:34+00:00,2023-07-12 08:04:50+00:00,closed,8,21,254,https://github.com/home-assistant/core/pull/81182,New integration (thank you!),164,2023-07-11T07:03:33Z
55440,Add zeversolar integration,2021-08-30 08:34:10+00:00,2021-12-27 19:01:47+00:00,closed,15,44,118,https://github.com/home-assistant/core/pull/55440,New integration (thank you!),699,2021-12-26T18:07:09Z
103345,Add OVOS/Neon Voice Assistants integration,2023-11-03 22:48:05+00:00,2024-03-14 02:06:50+00:00,closed,14,5,130,https://github.com/home-assistant/core/pull/103345,New integration (thank you!),297,2024-03-13T01:26:36Z
53039,Add DroneMobile Integration,2021-07-15 00:35:04+00:00,2021-10-21 11:04:40+00:00,closed,14,0,97,https://github.com/home-assistant/core/pull/53039,New integration (thank you!),1182,2021-10-20T10:09:48Z
99173,Add integration for IKEA Idasen Desk,2023-08-27 23:37:33+00:00,2023-09-21 01:21:58+00:00,merged,20,28,23,https://github.com/home-assistant/core/pull/99173,New integration (thank you!),852,2023-09-20T00:44:35Z
93750,Add romy vacuum integration,2023-05-29 18:07:04+00:00,2024-02-01 10:01:49+00:00,merged,18,193,246,https://github.com/home-assistant/core/pull/93750,New integration (thank you!),683,2024-01-31T09:48:44Z
85029,Add new 2N Telekomunikace integration,2023-01-03 00:27:22+00:00,2023-06-26 15:36:59+00:00,closed,20,17,173,https://github.com/home-assistant/core/pull/85029,New integration (thank you!),693,2023-06-25T15:22:43Z
83069,Add Rointe integration,2022-12-01 19:41:55+00:00,2024-04-12 18:01:41+00:00,closed,23,169,496,https://github.com/home-assistant/core/pull/83069,New integration (thank you!),1597,2024-04-11T17:04:42Z
67929,Glinet router support,2022-03-09 20:54:37+00:00,2022-06-25 22:02:00+00:00,closed,13,31,107,https://github.com/home-assistant/core/pull/67929,New integration (thank you!),833,2022-06-24T21:05:23Z
82110,Add PurpleAir integration,2022-11-14 23:55:40+00:00,2022-12-31 01:38:15+00:00,merged,21,24,28,https://github.com/home-assistant/core/pull/82110,New integration (thank you!),984,2022-12-13T03:32:12Z
48648,Add Rademacher HomePilot integration,2021-04-03 08:28:39+00:00,2021-09-05 16:01:38+00:00,closed,15,15,154,https://github.com/home-assistant/core/pull/48648,New integration (thank you!),479,2021-09-04T15:05:04Z
107405,Add Elvia integration,2024-01-06 19:29:12+00:00,2024-02-01 14:01:35+00:00,merged,15,5,24,https://github.com/home-assistant/core/pull/107405,New integration (thank you!),608,2024-01-31T13:47:37Z
103073,Add integration for iotty Smart Home,2023-10-30 16:01:05+00:00,2024-07-20 11:02:04+00:00,merged,24,143,262,https://github.com/home-assistant/core/pull/103073,New integration (thank you!),1336,2024-07-19T10:10:39Z
71113,Add elro_connects integration,2022-04-30 13:40:19+00:00,2022-11-10 08:02:11+00:00,closed,20,5,192,https://github.com/home-assistant/core/pull/71113,New integration (thank you!),1273,2022-11-09T07:46:17Z
85977,Add iNELS integration,2023-01-15 23:56:07+00:00,2023-03-11 13:04:10+00:00,closed,20,4,53,https://github.com/home-assistant/core/pull/85977,New integration (thank you!),1773,2023-03-10T12:23:38Z
46783,Add Homepluscontrol integration,2021-02-19 13:39:33+00:00,2021-04-05 10:15:45+00:00,merged,19,157,33,https://github.com/home-assistant/core/pull/46783,New integration (thank you!),1393,2021-03-25T13:12:32Z
55029,Add contec controllers integration,2021-08-22 18:39:53+00:00,2022-03-15 19:02:03+00:00,closed,13,41,204,https://github.com/home-assistant/core/pull/55029,New integration (thank you!),398,2022-03-14T18:50:30Z
115712,Avocent direct pdu integration,2024-04-16 17:33:28+00:00,2024-08-12 14:03:15+00:00,closed,17,26,116,https://github.com/home-assistant/core/pull/115712,New integration (thank you!),525,2024-08-11T12:07:17Z
104342,Add integration for FlÃ¤ktgroup Modbus,2023-11-22 00:12:36+00:00,2024-05-22 19:01:48+00:00,closed,8,0,181,https://github.com/home-assistant/core/pull/104342,New integration (thank you!),1006,2024-05-21T18:05:35Z
86084,Add Asus Router integration,2023-01-17 13:07:21+00:00,2023-12-15 15:01:56+00:00,closed,19,6,331,https://github.com/home-assistant/core/pull/86084,New integration (thank you!),1791,2023-12-14T14:52:53Z
52030,Add gandi livedns integration,2021-06-20 10:33:25+00:00,2022-05-06 09:01:59+00:00,closed,10,14,318,https://github.com/home-assistant/core/pull/52030,New integration (thank you!),377,2022-05-05T08:11:15Z
76756,Add Tami4 Integration,2022-08-14 13:17:41+00:00,2023-02-15 17:04:28+00:00,closed,18,12,184,https://github.com/home-assistant/core/pull/76756,New integration (thank you!),517,2023-02-14T16:05:55Z
63736,Add vartastorage integration,2022-01-09 13:47:30+00:00,2024-02-19 09:02:48+00:00,closed,0,95,769,https://github.com/home-assistant/core/pull/63736,New integration (thank you!),0,2024-02-18T08:28:39Z
45512,Anova sous vide cooker,2021-01-24 23:55:45+00:00,2021-09-25 23:01:43+00:00,closed,13,18,242,https://github.com/home-assistant/core/pull/45512,New integration (thank you!),308,2021-09-24T22:05:17Z
63252,Initial implementation of EnaSolar integration,2022-01-03 02:12:01+00:00,2022-02-04 19:01:45+00:00,closed,13,102,31,https://github.com/home-assistant/core/pull/63252,New integration (thank you!),938,2022-02-03T18:16:10Z
61126,Add new integration with Micropel PLCs,2021-12-06 21:40:43+00:00,2022-10-05 19:08:05+00:00,closed,8,19,301,https://github.com/home-assistant/core/pull/61126,New integration (thank you!),449,2022-10-04T18:39:26Z
105474,Add Arctic Spa integration,2023-12-11 07:18:44+00:00,2024-05-25 17:01:40+00:00,closed,17,62,165,https://github.com/home-assistant/core/pull/105474,New integration (thank you!),469,2024-05-24T16:05:07Z
56039,Add Escea fireplace integration,2021-09-10 06:36:11+00:00,2022-08-09 11:01:50+00:00,merged,16,88,332,https://github.com/home-assistant/core/pull/56039,New integration (thank you!),554,2022-08-08T09:48:42Z
72674,Add Huum integration,2022-05-29 17:02:54+00:00,2022-10-13 18:07:58+00:00,closed,14,20,136,https://github.com/home-assistant/core/pull/72674,New integration (thank you!),421,2022-10-12T17:19:41Z
46332,Add Freedompro,2021-02-10 13:51:38+00:00,2021-08-15 09:02:44+00:00,merged,17,111,139,https://github.com/home-assistant/core/pull/46332,New integration (thank you!),907,2021-06-30T11:21:06Z
86921,Add onetracker integration,2023-01-29 22:32:17+00:00,2023-03-08 18:02:07+00:00,closed,18,7,36,https://github.com/home-assistant/core/pull/86921,New integration (thank you!),641,2023-03-07T17:47:48Z
81149,Add electric kiwi integration,2022-10-28 17:32:47+00:00,2023-07-26 11:01:52+00:00,merged,22,56,269,https://github.com/home-assistant/core/pull/81149,New integration (thank you!),806,2023-07-25T08:46:54Z
115613,Add Swidget integration,2024-04-15 01:13:03+00:00,2024-06-21 03:01:45+00:00,closed,1479,65,66,https://github.com/home-assistant/core/pull/115613,New integration (thank you!),66482,2024-06-20T02:19:06Z
81724,Add Combined Energy integration ,2022-11-07 14:18:45+00:00,2024-03-12 23:02:31+00:00,closed,21,130,490,https://github.com/home-assistant/core/pull/81724,New integration (thank you!),1494,2024-03-11T16:06:55Z
106785,Add Sanix integration,2023-12-31 19:40:38+00:00,2024-04-18 13:02:08+00:00,merged,18,99,107,https://github.com/home-assistant/core/pull/106785,New integration (thank you!),549,2024-04-17T12:24:34Z
102190,Add deako integration using pydeako,2023-10-17 23:13:18+00:00,2024-05-10 19:01:39+00:00,closed,19,54,204,https://github.com/home-assistant/core/pull/102190,New integration (thank you!),795,2024-05-09T18:05:04Z
106029,Implement TechnoVE integration,2023-12-19 05:19:14+00:00,2024-01-18 11:01:59+00:00,merged,22,77,29,https://github.com/home-assistant/core/pull/106029,New integration (thank you!),1374,2024-01-17T10:04:35Z
65090,Add laundrify integration,2022-01-27 21:58:51+00:00,2022-06-02 20:02:07+00:00,merged,22,115,113,https://github.com/home-assistant/core/pull/65090,New integration (thank you!),709,2022-05-21T19:18:01Z
115645,Add ElevenLabs text-to-speech integration,2024-04-15 12:45:09+00:00,2024-08-26 20:01:59+00:00,merged,18,98,107,https://github.com/home-assistant/core/pull/115645,New integration (thank you!),889,2024-07-31T19:31:09Z
86923,Add SWS12500 Weather Station integration,2023-01-29 23:08:26+00:00,2023-11-30 11:04:46+00:00,closed,0,17,303,https://github.com/home-assistant/core/pull/86923,New integration (thank you!),0,2023-11-29T10:10:56Z
86551,Add Devialet integration,2023-01-24 18:08:38+00:00,2023-11-29 15:03:05+00:00,merged,29,27,307,https://github.com/home-assistant/core/pull/86551,New integration (thank you!),1317,2023-11-28T12:56:18Z
52001,Add energy integration,2021-06-18 21:28:54+00:00,2021-07-27 17:08:48+00:00,merged,20,40,37,https://github.com/home-assistant/core/pull/52001,New integration (thank you!),1145,2021-07-26T16:37:38Z
81943,Add `datetime` platform,2022-11-11 06:32:40+00:00,2023-05-30 22:01:48+00:00,merged,17,18,199,https://github.com/home-assistant/core/pull/81943,New integration (thank you!),498,2023-05-29T21:24:15Z
57856,Add benq projector integration,2021-10-16 15:39:44+00:00,2022-01-03 21:01:54+00:00,closed,4,5,78,https://github.com/home-assistant/core/pull/57856,New integration (thank you!),419,2022-01-02T20:41:22Z
83247,Add bouncie integration,2022-12-04 18:50:59+00:00,2023-01-18 17:01:42+00:00,closed,16,65,43,https://github.com/home-assistant/core/pull/83247,New integration (thank you!),594,2023-01-17T16:57:25Z
63087,Add Wevolor integration,2021-12-30 18:22:11+00:00,2022-03-28 22:01:50+00:00,closed,14,52,87,https://github.com/home-assistant/core/pull/63087,New integration (thank you!),314,2022-03-27T21:27:13Z
46953,Add afvalkalender_meppel integration,2021-02-23 13:25:40+00:00,2022-01-26 18:04:46+00:00,closed,14,3,336,https://github.com/home-assistant/core/pull/46953,New integration (thank you!),508,2022-01-25T17:42:23Z
91582,Add Connector integration,2023-04-18 06:55:28+00:00,2023-11-30 23:02:01+00:00,closed,15,49,225,https://github.com/home-assistant/core/pull/91582,New integration (thank you!),607,2023-11-29T22:19:52Z
47204,Ensure HA script and Python script services have a name,2021-02-28 23:34:27+00:00,2021-04-01 14:02:04+00:00,merged,7,1,30,https://github.com/home-assistant/core/pull/47204,New integration (thank you!),44,2021-03-31T13:09:45Z
119788,Add Bryant Evolution Integration,2024-06-16 19:45:16+00:00,2024-07-30 10:02:02+00:00,merged,20,151,42,https://github.com/home-assistant/core/pull/119788,New integration (thank you!),1224,2024-07-29T09:25:04Z
83883,Add LD2410 BLE integration,2022-12-12 23:27:27+00:00,2023-01-25 20:27:45+00:00,merged,21,54,24,https://github.com/home-assistant/core/pull/83883,New integration (thank you!),709,2023-01-06T02:15:03Z
114113,Add airgradient integration,2024-03-24 14:29:35+00:00,2024-05-10 09:03:28+00:00,merged,25,29,45,https://github.com/home-assistant/core/pull/114113,New integration (thank you!),1432,2024-05-09T08:54:29Z
70201,Add SwitchBee Integration,2022-04-17 20:35:04+00:00,2022-09-15 21:02:19+00:00,merged,14,64,148,https://github.com/home-assistant/core/pull/70201,New integration (thank you!),868,2022-09-13T07:01:30Z
101731,Add Monzo integration,2023-10-09 22:32:27+00:00,2024-05-08 19:01:47+00:00,merged,24,46,210,https://github.com/home-assistant/core/pull/101731,New integration (thank you!),919,2024-05-07T18:38:58Z
77976,Add Utility Cost helper component,2022-09-07 20:12:50+00:00,2023-04-24 21:07:39+00:00,closed,13,10,228,https://github.com/home-assistant/core/pull/77976,New integration (thank you!),1034,2023-04-23T21:05:20Z
85969,Add Dremel 3D Printer integration,2023-01-15 20:56:37+00:00,2023-06-01 22:01:44+00:00,merged,21,14,135,https://github.com/home-assistant/core/pull/85969,New integration (thank you!),910,2023-05-31T20:55:57Z
100573,Add Refoss integration,2023-09-19 01:45:38+00:00,2023-12-23 13:01:48+00:00,merged,19,67,94,https://github.com/home-assistant/core/pull/100573,New integration (thank you!),524,2023-12-22T12:18:32Z
92397,Add smartenergy_awattar integration,2023-05-03 10:13:25+00:00,2023-10-07 10:02:03+00:00,closed,16,27,155,https://github.com/home-assistant/core/pull/92397,New integration (thank you!),652,2023-10-06T09:31:38Z
71523,New integration for IDS Hyyp Alarms,2022-05-08 10:43:00+00:00,2023-01-11 07:01:50+00:00,closed,17,0,246,https://github.com/home-assistant/core/pull/71523,New integration (thank you!),826,2023-01-10T04:05:56Z
45499,Add GCE Eco-Devices integration,2021-01-24 17:06:15+00:00,2021-05-07 21:01:48+00:00,closed,0,19,102,https://github.com/home-assistant/core/pull/45499,New integration (thank you!),0,2021-05-06T20:02:19Z
107851,Add WittIOT integration,2024-01-12 09:23:59+00:00,2024-02-23 10:03:39+00:00,closed,18,78,41,https://github.com/home-assistant/core/pull/107851,New integration (thank you!),1343,2024-02-22T10:01:35Z
97326,Add new integration Yardian,2023-07-27 09:59:49+00:00,2024-01-26 15:48:15+00:00,merged,14,61,28,https://github.com/home-assistant/core/pull/97326,New integration (thank you!),509,2023-08-24T22:48:50Z
86930,Add Imazu Wall Pad,2023-01-30 05:14:13+00:00,2023-11-22 01:26:33+00:00,closed,24,2,294,https://github.com/home-assistant/core/pull/86930,New integration (thank you!),937,2023-11-21T00:18:25Z
99573,Add microBees integration,2023-09-04 09:55:48+00:00,2024-04-02 11:02:20+00:00,merged,23,169,168,https://github.com/home-assistant/core/pull/99573,New integration (thank you!),1012,2024-02-19T14:12:03Z
124176,Add new integration for WMS WebControl pro using local API,2024-08-18 19:09:32+00:00,2024-09-17 15:02:02+00:00,merged,22,123,28,https://github.com/home-assistant/core/pull/124176,New integration (thank you!),1194,2024-09-16T14:07:43Z
65194,Add PECO power outage counter integration,2022-01-29 18:41:34+00:00,2022-06-13 12:26:48+00:00,merged,17,90,51,https://github.com/home-assistant/core/pull/65194,New integration (thank you!),622,2022-03-21T22:56:54Z
127109,Add Appartme System integration,2024-09-30 13:26:37+00:00,2024-10-24 12:03:20+00:00,closed,19,0,22,https://github.com/home-assistant/core/pull/127109,New integration (thank you!),766,2024-10-23T11:52:56Z
99304,ðŸ’§ Aqvify integration,2023-08-29 20:45:09+00:00,2024-08-12 14:03:14+00:00,closed,14,33,347,https://github.com/home-assistant/core/pull/99304,New integration (thank you!),367,2024-08-11T12:07:30Z
45915,Add Rako Integration,2021-02-03 18:20:43+00:00,2023-03-08 20:39:43+00:00,closed,21,33,763,https://github.com/home-assistant/core/pull/45915,New integration (thank you!),814,2023-03-08T20:39:42Z
105977,Add SIP Call Integration,2023-12-18 12:58:34+00:00,2024-10-06 19:01:49+00:00,closed,15,44,292,https://github.com/home-assistant/core/pull/105977,New integration (thank you!),382,2024-10-05T18:06:06Z
94032,Vodafone Station device tracker ,2023-06-04 13:38:16+00:00,2023-09-05 16:56:19+00:00,merged,16,89,84,https://github.com/home-assistant/core/pull/94032,New integration (thank you!),711,2023-08-28T13:10:23Z
109291,Add eq3btsmart integration,2024-02-01 08:19:40+00:00,2024-06-24 14:15:49+00:00,merged,23,131,56,https://github.com/home-assistant/core/pull/109291,New integration (thank you!),966,2024-03-29T01:20:57Z
67358,Add jvc projectors,2022-02-27 23:37:05+00:00,2022-05-30 02:44:54+00:00,closed,10,2,90,https://github.com/home-assistant/core/pull/67358,New integration (thank you!),296,2022-05-29T01:38:39Z
82483,Add bluecurrent integration,2022-11-21 13:57:23+00:00,2023-12-31 15:01:39+00:00,merged,18,121,396,https://github.com/home-assistant/core/pull/82483,New integration (thank you!),1268,2023-12-22T15:34:17Z
78839,Add HaFAS integration,2022-09-20 14:41:09+00:00,2024-05-17 13:02:17+00:00,closed,23,15,603,https://github.com/home-assistant/core/pull/78839,New integration (thank you!),5190,2024-05-16T12:20:47Z
90875,Add new integration KAT Bulgaria,2023-04-05 19:34:45+00:00,2023-06-24 07:01:48+00:00,closed,17,36,77,https://github.com/home-assistant/core/pull/90875,New integration (thank you!),649,2023-06-22T13:13:06Z
113940,Add LinkPlay integration,2024-03-21 15:27:09+00:00,2024-09-10 12:53:37+00:00,merged,18,66,125,https://github.com/home-assistant/core/pull/113940,New integration (thank you!),731,2024-07-25T10:27:10Z
46005,Spokestack TTS platform,2021-02-04 18:23:51+00:00,2021-11-30 23:01:50+00:00,closed,12,45,298,https://github.com/home-assistant/core/pull/46005,New integration (thank you!),439,2021-11-29T22:28:17Z
95146,Add battery_sim component,2023-06-23 20:15:00+00:00,2023-11-14 18:01:55+00:00,closed,10,2,142,https://github.com/home-assistant/core/pull/95146,New integration (thank you!),1533,2023-11-13T17:11:44Z
44785,New Ezviz Cloud integration,2021-01-03 13:13:38+00:00,2021-01-29 17:37:06+00:00,closed,13,0,25,https://github.com/home-assistant/core/pull/44785,New integration (thank you!),841,2021-01-28T16:51:06Z
115591,Add neevo integration,2024-04-14 19:02:48+00:00,2024-10-09 16:02:09+00:00,closed,15,21,176,https://github.com/home-assistant/core/pull/115591,New integration (thank you!),500,2024-10-08T15:05:36Z
55620,Add ta_cmi integration,2021-09-02 22:25:41+00:00,2022-09-28 10:02:22+00:00,closed,18,3,389,https://github.com/home-assistant/core/pull/55620,New integration (thank you!),1456,2022-09-27T09:46:49Z
45071,Add avreceiver,2021-01-12 05:44:12+00:00,2021-08-15 14:01:54+00:00,closed,17,33,214,https://github.com/home-assistant/core/pull/45071,New integration (thank you!),1203,2021-08-14T13:07:24Z
45780,Add broadlink climate platform,2021-01-31 15:24:16+00:00,2022-12-02 07:20:24+00:00,closed,6,18,315,https://github.com/home-assistant/core/pull/45780,New integration (thank you!),147,2021-12-13T12:41:22Z
105779,"Add a new ""Ambient Weather Network"" integration",2023-12-15 04:50:44+00:00,2024-04-17 09:01:49+00:00,merged,26,227,123,https://github.com/home-assistant/core/pull/105779,New integration (thank you!),2399,2024-04-16T07:46:15Z
103620,Integration for EPS alarms,2023-11-07 21:09:50+00:00,2024-04-05 17:01:48+00:00,closed,16,25,148,https://github.com/home-assistant/core/pull/103620,New integration (thank you!),477,2024-04-04T16:05:17Z
107094,Add huawei smart logger 3000 integration,2024-01-04 10:59:47+00:00,2024-06-05 17:01:52+00:00,closed,16,58,152,https://github.com/home-assistant/core/pull/107094,New integration (thank you!),743,2024-06-04T16:04:54Z
53883,Add Livemasjid integration,2021-08-02 19:24:11+00:00,2021-11-08 21:15:18+00:00,closed,10,0,97,https://github.com/home-assistant/core/pull/53883,New integration (thank you!),530,2021-11-07T20:06:34Z
106449,Add Zimi Cloud Controller integration,2023-12-27 02:30:35+00:00,2024-09-28 12:03:54+00:00,closed,16,13,275,https://github.com/home-assistant/core/pull/106449,New integration (thank you!),1103,2024-09-27T11:05:52Z
89456,Add new Roborock Integration,2023-03-09 17:51:15+00:00,2023-04-21 15:10:53+00:00,merged,22,76,41,https://github.com/home-assistant/core/pull/89456,New integration (thank you!),1222,2023-04-20T14:02:58Z
79652,Add Flexit BACnet integration,2022-10-05 13:35:50+00:00,2022-12-18 17:01:43+00:00,closed,16,2,73,https://github.com/home-assistant/core/pull/79652,New integration (thank you!),456,2022-12-17T16:20:00Z
102542,Add integration for Vevor BLE Heaters,2023-10-22 17:00:09+00:00,2024-03-24 18:01:55+00:00,closed,17,83,153,https://github.com/home-assistant/core/pull/102542,New integration (thank you!),896,2024-03-23T17:04:50Z
61182,Add support of Z-Wave.Me Z-Way and RaZberry server,2021-12-07 17:34:47+00:00,2022-01-25 12:02:14+00:00,merged,16,139,47,https://github.com/home-assistant/core/pull/61182,New integration (thank you!),541,2022-01-24T11:57:57Z
90056,Add Tami4 Integration,2023-03-21 15:54:56+00:00,2023-11-11 10:02:01+00:00,merged,19,90,204,https://github.com/home-assistant/core/pull/90056,New integration (thank you!),796,2023-10-12T11:15:26Z
102184,Add Valve integration,2023-10-17 21:17:54+00:00,2023-12-19 19:01:29+00:00,merged,11,99,61,https://github.com/home-assistant/core/pull/102184,New integration (thank you!),754,2023-12-18T18:48:01Z
100790,Add Healthbox3 integration,2023-09-24 09:35:25+00:00,2023-11-01 15:01:55+00:00,closed,17,26,37,https://github.com/home-assistant/core/pull/100790,New integration (thank you!),840,2023-10-31T13:20:10Z
48346,Add Whirlpool integration,2021-03-26 00:13:20+00:00,2021-10-07 08:16:03+00:00,merged,16,122,171,https://github.com/home-assistant/core/pull/48346,New integration (thank you!),973,2021-09-13T20:02:34Z
76999,Add air-Q integration (air quality sensors),2022-08-18 17:05:40+00:00,2022-11-18 17:02:52+00:00,merged,15,87,77,https://github.com/home-assistant/core/pull/76999,New integration (thank you!),699,2022-11-03T22:13:57Z
87774,Add V2C integration,2023-02-09 10:47:35+00:00,2023-08-30 13:02:40+00:00,closed,10,16,201,https://github.com/home-assistant/core/pull/87774,New integration (thank you!),560,2023-08-29T12:06:54Z
93462,Add bang_olufsen integration,2023-05-24 14:04:25+00:00,2024-01-25 11:02:11+00:00,merged,22,147,244,https://github.com/home-assistant/core/pull/93462,New integration (thank you!),1790,2024-01-24T11:00:52Z
118675,New Integration: SMLIGHT SLZB-06 Adapters Integration,2024-06-03 05:29:41+00:00,2024-09-06 02:48:53+00:00,merged,23,124,78,https://github.com/home-assistant/core/pull/118675,New integration (thank you!),1871,2024-08-20T08:44:06Z
57124,Add new tomorrow.io integration to replace Climacell - Part 2/3,2021-10-05 16:18:33+00:00,2021-11-16 04:01:42+00:00,merged,10,7,40,https://github.com/home-assistant/core/pull/57124,New integration (thank you!),378,2021-11-15T03:28:39Z
121132,Add Deako integration,2024-07-03 23:06:20+00:00,2024-08-29 18:02:22+00:00,merged,20,63,55,https://github.com/home-assistant/core/pull/121132,New integration (thank you!),817,2024-08-28T17:16:05Z
45866,Add devolo home network integration,2021-02-02 15:42:11+00:00,2021-10-30 06:01:50+00:00,merged,21,55,268,https://github.com/home-assistant/core/pull/45866,New integration (thank you!),1007,2021-10-28T20:42:10Z
56175,Add goe_charger integration,2021-09-13 10:29:39+00:00,2022-01-02 19:01:36+00:00,closed,13,6,110,https://github.com/home-assistant/core/pull/56175,New integration (thank you!),1026,2022-01-01T18:07:01Z
93580,Add Trello integration,2023-05-26 04:46:27+00:00,2024-09-28 12:03:33+00:00,closed,22,108,490,https://github.com/home-assistant/core/pull/93580,New integration (thank you!),782,2024-09-27T11:53:37Z
50894,Add HifiBerry integration,2021-05-20 13:08:47+00:00,2022-05-08 00:05:59+00:00,closed,14,12,351,https://github.com/home-assistant/core/pull/50894,New integration (thank you!),512,2022-05-06T23:05:24Z
45749,Add Vorwerk integration,2021-01-30 16:45:59+00:00,2023-01-18 15:02:00+00:00,closed,14,70,716,https://github.com/home-assistant/core/pull/45749,New integration (thank you!),1199,2023-01-17T14:56:39Z
102231,Add Climaveneta i-MXW integration,2023-10-18 13:24:14+00:00,2023-12-19 15:01:48+00:00,closed,13,29,61,https://github.com/home-assistant/core/pull/102231,New integration (thank you!),689,2023-12-18T14:58:38Z
86522,Add myUplink integration,2023-01-24 12:21:34+00:00,2024-01-13 12:02:08+00:00,merged,21,60,352,https://github.com/home-assistant/core/pull/86522,New integration (thank you!),480,2024-01-12T11:17:07Z
45314,Add Daikin Madoka thermostat integration,2021-01-19 01:03:08+00:00,2021-10-28 13:11:30+00:00,closed,23,39,281,https://github.com/home-assistant/core/pull/45314,New integration (thank you!),1907,2021-10-27T12:22:49Z
67703,Add kdeconnect integration,2022-03-05 18:20:10+00:00,2023-10-07 10:01:59+00:00,closed,17,46,579,https://github.com/home-assistant/core/pull/67703,New integration (thank you!),978,2023-10-06T09:43:00Z
66431,Rki covid,2022-02-13 07:56:47+00:00,2023-01-23 21:01:48+00:00,closed,27,10,343,https://github.com/home-assistant/core/pull/66431,New integration (thank you!),1356,2023-01-22T20:05:22Z
46662,Add new Binance integration,2021-02-16 21:13:56+00:00,2021-12-22 19:01:42+00:00,closed,18,8,307,https://github.com/home-assistant/core/pull/46662,New integration (thank you!),1230,2021-12-21T18:05:20Z
47370,Spokestack Wakeword Integration,2021-03-04 14:17:12+00:00,2021-11-08 16:06:21+00:00,closed,14,5,248,https://github.com/home-assistant/core/pull/47370,New integration (thank you!),310,2021-11-07T15:52:05Z
49545,Add Uonet+ Vulcan integration,2021-04-22 08:34:21+00:00,2021-06-17 19:03:58+00:00,closed,1224,4,55,https://github.com/home-assistant/core/pull/49545,New integration (thank you!),37839,2021-06-16T18:03:59Z
116267,Add new integration for Dio Chacon cover devices,2024-04-26 21:57:28+00:00,2024-07-05 15:01:54+00:00,merged,18,141,68,https://github.com/home-assistant/core/pull/116267,New integration (thank you!),830,2024-07-04T14:45:20Z
103795,Add Holiday integration,2023-11-11 15:14:22+00:00,2023-12-13 11:02:31+00:00,merged,18,141,22,https://github.com/home-assistant/core/pull/103795,New integration (thank you!),716,2023-12-03T15:28:54Z
102846,Add tedee integration,2023-10-26 10:37:38+00:00,2023-12-30 14:10:55+00:00,merged,22,84,64,https://github.com/home-assistant/core/pull/102846,New integration (thank you!),1019,2023-12-29T13:55:41Z
113065,Add GoDice integration,2024-03-11 13:35:02+00:00,2024-09-13 21:01:49+00:00,closed,16,66,185,https://github.com/home-assistant/core/pull/113065,New integration (thank you!),618,2024-09-12T20:05:44Z
96552,New integration for Comelit SimpleHome,2023-07-14 19:53:53+00:00,2023-08-19 13:01:54+00:00,merged,16,65,34,https://github.com/home-assistant/core/pull/96552,New integration (thank you!),544,2023-08-18T06:40:23Z
121951,Telegram client integration,2024-07-14 19:06:20+00:00,2024-09-21 10:01:50+00:00,closed,17,0,67,https://github.com/home-assistant/core/pull/121951,New integration (thank you!),2970,2024-09-20T09:06:28Z
104119,Add LinknLink integration,2023-11-17 09:29:00+00:00,2024-01-05 06:01:52+00:00,closed,0,20,47,https://github.com/home-assistant/core/pull/104119,New integration (thank you!),0,2024-01-04T03:41:05Z
75530,Add WeatherFlow integration,2022-07-20 20:37:28+00:00,2023-09-28 21:01:55+00:00,merged,16,249,433,https://github.com/home-assistant/core/pull/75530,New integration (thank you!),851,2023-09-27T15:28:06Z
51617,Add tuya v2 integration,2021-06-08 08:56:13+00:00,2021-07-09 10:08:22+00:00,closed,21,0,30,https://github.com/home-assistant/core/pull/51617,New integration (thank you!),2693,2021-07-08T09:42:42Z
116957,Add LedSC integration,2024-05-06 20:50:13+00:00,2024-06-28 20:03:46+00:00,closed,12,104,51,https://github.com/home-assistant/core/pull/116957,New integration (thank you!),374,2024-06-27T19:26:01Z
91349,Add Contact Energy NZ integration,2023-04-13 10:13:10+00:00,2024-01-27 17:02:08+00:00,closed,18,6,288,https://github.com/home-assistant/core/pull/91349,New integration (thank you!),687,2024-01-26T16:05:21Z
117068,Add LinknLink integration,2024-05-08 10:02:53+00:00,2024-08-10 14:01:49+00:00,closed,17,8,93,https://github.com/home-assistant/core/pull/117068,New integration (thank you!),1453,2024-08-09T13:07:18Z
51136,Add support for Frigidaire AC,2021-05-27 01:24:21+00:00,2022-02-15 21:01:55+00:00,closed,14,40,263,https://github.com/home-assistant/core/pull/51136,New integration (thank you!),691,2022-02-14T20:22:34Z
103498,Add integration for Vogel's MotionMount,2023-11-06 11:49:05+00:00,2023-12-23 13:01:49+00:00,merged,19,82,45,https://github.com/home-assistant/core/pull/103498,New integration (thank you!),1022,2023-12-22T11:04:58Z
82391,Add integration for Kostal Piko solar inverters,2022-11-19 21:35:54+00:00,2023-12-17 17:05:29+00:00,closed,15,36,391,https://github.com/home-assistant/core/pull/82391,New integration (thank you!),1050,2023-12-16T16:05:18Z
95006,EnergyID integration,2023-06-21 17:52:39+00:00,2024-01-22 13:03:46+00:00,closed,15,16,213,https://github.com/home-assistant/core/pull/95006,New integration (thank you!),618,2024-01-21T12:06:24Z
52832,Add sithl_imow integration,2021-07-10 10:02:23+00:00,2021-10-24 22:10:20+00:00,closed,14,0,105,https://github.com/home-assistant/core/pull/52832,New integration (thank you!),1298,2021-10-23T21:05:13Z
79398,Add Sum helper,2022-10-01 08:09:16+00:00,2022-11-25 14:05:37+00:00,closed,16,20,54,https://github.com/home-assistant/core/pull/79398,New integration (thank you!),862,2022-11-24T13:58:49Z
103422,Add Frank Energie integration,2023-11-05 09:16:58+00:00,2024-02-05 21:01:51+00:00,closed,15,46,91,https://github.com/home-assistant/core/pull/103422,New integration (thank you!),1021,2024-02-04T20:08:31Z
114650,Add Senziio core integration,2024-04-02 15:50:10+00:00,2024-06-06 19:02:24+00:00,closed,18,13,64,https://github.com/home-assistant/core/pull/114650,New integration (thank you!),1239,2024-06-05T18:36:51Z
124410,Add go2rtc and extend camera integration for better WebRTC support,2024-08-22 11:30:29+00:00,2024-10-04 08:02:39+00:00,merged,35,32,41,https://github.com/home-assistant/core/pull/124410,New integration (thank you!),1701,2024-10-03T07:20:03Z
98136,Add airtouch5,2023-08-09 22:45:57+00:00,2024-01-24 21:01:58+00:00,merged,18,58,166,https://github.com/home-assistant/core/pull/98136,New integration (thank you!),661,2024-01-23T13:49:48Z
108045,Add OMIE integration,2024-01-14 18:55:09+00:00,2024-03-30 22:38:17+00:00,closed,17,5,74,https://github.com/home-assistant/core/pull/108045,New integration (thank you!),583,2024-03-29T13:04:48Z
88540,Intellidrive reisinger,2023-02-21 13:58:49+00:00,2023-12-17 17:05:30+00:00,closed,16,75,298,https://github.com/home-assistant/core/pull/88540,New integration (thank you!),548,2023-12-16T16:05:14Z
107054,Add Linknlink Integration,2024-01-04 05:48:57+00:00,2024-03-28 11:04:41+00:00,closed,17,40,83,https://github.com/home-assistant/core/pull/107054,New integration (thank you!),1462,2024-03-27T11:04:36Z
93837,Add OVOS/Neon Voice Assistants integration,2023-05-31 02:03:50+00:00,2023-10-07 17:01:34+00:00,closed,12,3,128,https://github.com/home-assistant/core/pull/93837,New integration (thank you!),255,2023-10-06T16:27:35Z
50998,Adax heaters,2021-05-23 13:58:25+00:00,2021-07-25 07:13:45+00:00,merged,14,23,58,https://github.com/home-assistant/core/pull/50998,New integration (thank you!),389,2021-07-21T08:25:46Z
87681,Add smartenergy_goecharger integration,2023-02-08 09:06:46+00:00,2023-08-09 08:02:32+00:00,closed,16,8,180,https://github.com/home-assistant/core/pull/87681,New integration (thank you!),1355,2023-08-08T07:05:21Z
56094,Add ws66i core integration,2021-09-11 06:34:42+00:00,2022-05-13 03:36:03+00:00,merged,17,126,239,https://github.com/home-assistant/core/pull/56094,New integration (thank you!),1538,2022-05-08T21:52:40Z
81223,TP-Link Omada integration,2022-10-29 20:47:18+00:00,2023-02-07 16:01:55+00:00,merged,21,29,99,https://github.com/home-assistant/core/pull/81223,New integration (thank you!),967,2023-02-06T15:57:19Z
77091,Add Starlink Integration,2022-08-21 06:18:58+00:00,2023-01-17 12:02:14+00:00,merged,21,105,139,https://github.com/home-assistant/core/pull/77091,New integration (thank you!),493,2023-01-07T20:13:37Z
97794,Add support for OSC (Open Sound Control),2023-08-04 18:29:24+00:00,2023-11-20 22:01:37+00:00,closed,18,15,107,https://github.com/home-assistant/core/pull/97794,New integration (thank you!),451,2023-11-19T21:04:37Z
102361,Add notify integration TvOverlay Notifications for Android TV,2023-10-19 21:57:15+00:00,2024-07-14 23:01:49+00:00,closed,15,62,268,https://github.com/home-assistant/core/pull/102361,New integration (thank you!),1168,2024-07-13T22:04:32Z
123057,Add weheat core integration,2024-08-02 09:29:34+00:00,2024-09-09 09:57:44+00:00,merged,21,82,35,https://github.com/home-assistant/core/pull/123057,New integration (thank you!),632,2024-09-06T09:58:02Z
50233,Add securitas direct integration,2021-05-07 10:08:28+00:00,2022-05-19 19:02:55+00:00,closed,14,7,376,https://github.com/home-assistant/core/pull/50233,New integration (thank you!),622,2022-05-18T18:14:28Z
90006,Add Flexit bacnet integration,2023-03-20 21:40:29+00:00,2023-06-14 09:01:48+00:00,closed,16,79,83,https://github.com/home-assistant/core/pull/90006,New integration (thank you!),587,2023-06-12T19:29:07Z
88576,Add PAX BLE integration,2023-02-22 01:52:02+00:00,2023-05-31 09:04:07+00:00,closed,12,1,97,https://github.com/home-assistant/core/pull/88576,New integration (thank you!),1134,2023-05-30T08:05:40Z
101634,Add new integration for Leviosa zone,2023-10-08 04:36:34+00:00,2023-11-10 03:01:52+00:00,closed,17,18,31,https://github.com/home-assistant/core/pull/101634,New integration (thank you!),786,2023-11-09T02:51:48Z
73340,Kostal Piko Solar Inverter Integration,2022-06-10 22:36:45+00:00,2022-09-18 20:02:00+00:00,closed,14,0,98,https://github.com/home-assistant/core/pull/73340,New integration (thank you!),951,2022-09-17T19:04:56Z
99864,Integration for PowerPlanner,2023-09-07 18:24:22+00:00,2023-11-30 22:06:46+00:00,closed,11,21,83,https://github.com/home-assistant/core/pull/99864,New integration (thank you!),302,2023-11-29T21:47:17Z
87807,Zcs azzurro integration,2023-02-09 22:08:36+00:00,2023-06-25 22:09:16+00:00,closed,29,19,134,https://github.com/home-assistant/core/pull/87807,New integration (thank you!),700,2023-06-24T22:05:02Z
82328,Google Assistant SDK integration,2022-11-18 14:34:08+00:00,2022-12-10 17:01:46+00:00,merged,22,6,21,https://github.com/home-assistant/core/pull/82328,New integration (thank you!),913,2022-12-09T15:14:44Z
86254,Add Anova integration,2023-01-19 22:06:19+00:00,2023-04-24 00:05:52+00:00,merged,22,87,93,https://github.com/home-assistant/core/pull/86254,New integration (thank you!),884,2023-04-22T23:05:15Z
66438,Add Lidarr integration,2022-02-13 13:00:55+00:00,2022-10-19 10:04:08+00:00,merged,16,31,219,https://github.com/home-assistant/core/pull/66438,New integration (thank you!),816,2022-09-20T15:51:29Z
58053,Add QNAP QSW integration,2021-10-19 18:25:51+00:00,2022-05-26 17:51:33+00:00,closed,32,0,144,https://github.com/home-assistant/core/pull/58053,New integration (thank you!),1393,2022-03-12T18:55:25Z
62901,Senseme,2021-12-28 00:51:22+00:00,2022-01-21 08:05:43+00:00,closed,13,0,23,https://github.com/home-assistant/core/pull/62901,New integration (thank you!),683,2022-01-20T07:14:10Z
53821,PCF8574,2021-08-01 07:24:41+00:00,2021-11-11 23:01:48+00:00,closed,14,29,101,https://github.com/home-assistant/core/pull/53821,New integration (thank you!),485,2021-11-10T22:04:56Z
71534,Add Aqara integration,2022-05-08 15:17:42+00:00,2022-08-05 07:01:51+00:00,closed,31,168,87,https://github.com/home-assistant/core/pull/71534,New integration (thank you!),23196,2022-08-04T06:08:31Z
81972,New Heatzy component,2022-11-11 16:53:42+00:00,2023-04-12 17:02:05+00:00,closed,16,24,150,https://github.com/home-assistant/core/pull/81972,New integration (thank you!),617,2023-04-11T16:05:48Z
51932,Add Uonet+ Vulcan integration,2021-06-16 18:02:15+00:00,2021-09-18 21:01:41+00:00,closed,820,0,93,https://github.com/home-assistant/core/pull/51932,New integration (thank you!),46021,2021-09-17T20:56:14Z
93623,Add lawnmower entity,2023-05-26 19:15:33+00:00,2023-08-22 11:01:36+00:00,merged,17,59,86,https://github.com/home-assistant/core/pull/93623,New integration (thank you!),688,2023-08-21T10:19:56Z
109335,Add Fujitsu FGLair integration,2024-02-01 22:11:14+00:00,2024-08-26 17:01:46+00:00,merged,21,133,198,https://github.com/home-assistant/core/pull/109335,New integration (thank you!),1115,2024-08-18T13:37:33Z
54859,Initial commit for EnaSolar integration,2021-08-19 03:12:22+00:00,2022-01-02 02:18:05+00:00,closed,14,125,134,https://github.com/home-assistant/core/pull/54859,New integration (thank you!),1032,2022-01-01T01:27:05Z
53430,Add new integration for Legrand RFLC,2021-07-24 18:19:48+00:00,2023-01-18 15:02:03+00:00,closed,17,96,541,https://github.com/home-assistant/core/pull/53430,New integration (thank you!),1180,2023-01-17T14:50:34Z
53062,Glinet router support,2021-07-15 16:59:38+00:00,2021-10-25 10:12:23+00:00,closed,16,0,100,https://github.com/home-assistant/core/pull/53062,New integration (thank you!),905,2021-10-24T09:06:36Z
64173,New integration flashforge,2022-01-15 19:28:29+00:00,2022-07-29 11:01:58+00:00,closed,17,29,193,https://github.com/home-assistant/core/pull/64173,New integration (thank you!),953,2022-07-28T10:24:03Z
81949,Add `time` platform,2022-11-11 07:48:33+00:00,2023-05-02 12:02:11+00:00,merged,13,17,170,https://github.com/home-assistant/core/pull/81949,New integration (thank you!),348,2023-04-30T20:33:52Z
102371,Add lektrico integration,2023-10-20 08:31:56+00:00,2024-08-31 12:05:34+00:00,merged,26,207,315,https://github.com/home-assistant/core/pull/102371,New integration (thank you!),1693,2024-08-30T11:20:15Z
82850,Initial Edilkamin stove integration,2022-11-28 09:20:29+00:00,2024-04-03 19:03:58+00:00,closed,19,17,491,https://github.com/home-assistant/core/pull/82850,New integration (thank you!),424,2024-04-02T18:05:36Z
79454,Add `text` platform,2022-10-02 06:41:20+00:00,2022-11-25 19:01:41+00:00,merged,14,27,53,https://github.com/home-assistant/core/pull/79454,New integration (thank you!),567,2022-11-24T19:01:02Z
68755,Add QR Code Generator,2022-03-27 19:58:36+00:00,2022-09-27 09:57:34+00:00,closed,17,0,164,https://github.com/home-assistant/core/pull/68755,New integration (thank you!),1007,2022-09-08T00:23:48Z
49099,Add Nettigo Air Monitor integration,2021-04-12 08:58:36+00:00,2021-05-08 14:01:39+00:00,merged,20,29,25,https://github.com/home-assistant/core/pull/49099,New integration (thank you!),1326,2021-05-07T13:59:29Z
64775,Add Bemfa integration,2022-01-23 18:28:33+00:00,2022-05-07 11:01:48+00:00,closed,15,14,102,https://github.com/home-assistant/core/pull/64775,New integration (thank you!),924,2022-05-06T10:05:20Z
65000,Huawei Solar Integration,2022-01-26 20:48:10+00:00,2023-10-07 10:02:00+00:00,closed,16,19,617,https://github.com/home-assistant/core/pull/65000,New integration (thank you!),1439,2023-10-06T09:40:05Z
91436,Add Linear Garage Door integration,2023-04-14 21:21:53+00:00,2023-11-23 09:01:55+00:00,merged,22,45,221,https://github.com/home-assistant/core/pull/91436,New integration (thank you!),1134,2023-11-22T08:35:31Z
90564,Add image entity component,2023-03-31 07:26:52+00:00,2023-06-20 15:04:22+00:00,merged,18,6,80,https://github.com/home-assistant/core/pull/90564,New integration (thank you!),757,2023-06-19T15:03:49Z
60506,Add rki-covid integration,2021-11-28 17:49:27+00:00,2022-02-14 08:01:59+00:00,closed,531,102,76,https://github.com/home-assistant/core/pull/60506,New integration (thank you!),87370,2022-02-13T07:33:15Z
59698,Add new tomorrow.io integration to replace Climacell - Part 3/3,2021-11-15 06:17:01+00:00,2022-03-16 04:01:45+00:00,merged,22,2,119,https://github.com/home-assistant/core/pull/59698,New integration (thank you!),3977,2022-03-15T03:32:19Z
51403,FX Luminaire Luxor low voltage integration,2021-06-03 09:17:45+00:00,2021-10-07 13:08:04+00:00,closed,13,26,125,https://github.com/home-assistant/core/pull/51403,New integration (thank you!),544,2021-10-06T12:05:12Z
60413,Add lektrico integration,2021-11-26 17:49:55+00:00,2023-10-21 09:01:38+00:00,closed,24,244,692,https://github.com/home-assistant/core/pull/60413,New integration (thank you!),1631,2023-10-20T08:57:42Z
77284,Add Airthings BLE component,2022-08-24 20:52:15+00:00,2023-01-22 17:50:03+00:00,merged,18,43,35,https://github.com/home-assistant/core/pull/77284,New integration (thank you!),832,2022-09-29T19:55:45Z
94994,Add Victron BLE integration,2023-06-21 14:31:39+00:00,2023-11-07 03:01:48+00:00,closed,17,8,137,https://github.com/home-assistant/core/pull/94994,New integration (thank you!),941,2023-11-06T02:51:48Z
103683,Add new integration for Leviosa zone,2023-11-09 02:56:33+00:00,2024-06-27 17:01:37+00:00,closed,14,149,230,https://github.com/home-assistant/core/pull/103683,New integration (thank you!),621,2024-06-26T16:04:57Z
102165,Add olarm sensors,2023-10-17 13:24:16+00:00,2023-12-31 09:01:45+00:00,closed,16,6,73,https://github.com/home-assistant/core/pull/102165,New integration (thank you!),1673,2023-12-30T08:04:56Z
67817,Create iAlarmXR integration,2022-03-07 18:49:03+00:00,2022-05-27 12:23:25+00:00,merged,18,83,78,https://github.com/home-assistant/core/pull/67817,New integration (thank you!),674,2022-05-25T08:52:06Z
51810,Add a basic device tracker for Zyxel T50 modems,2021-06-13 14:10:21+00:00,2022-01-21 13:04:31+00:00,closed,15,23,220,https://github.com/home-assistant/core/pull/51810,New integration (thank you!),617,2022-01-20T11:09:53Z
102291,Add integration lamarzocco,2023-10-19 07:14:04+00:00,2024-01-17 16:01:57+00:00,merged,24,143,89,https://github.com/home-assistant/core/pull/102291,New integration (thank you!),1482,2024-01-16T14:24:16Z
57896,Add ebus integration,2021-10-17 10:05:53+00:00,2022-05-17 12:02:26+00:00,closed,15,26,211,https://github.com/home-assistant/core/pull/57896,New integration (thank you!),965,2022-05-16T11:16:38Z
89548,Add Vattenfall InCharge integration,2023-03-11 13:30:36+00:00,2023-07-28 20:02:09+00:00,closed,17,49,138,https://github.com/home-assistant/core/pull/89548,New integration (thank you!),585,2023-07-27T19:05:08Z
60541,Add Ecowitt sensor integration,2021-11-29 13:12:58+00:00,2022-09-01 11:01:52+00:00,closed,17,17,274,https://github.com/home-assistant/core/pull/60541,New integration (thank you!),1285,2022-08-31T10:51:40Z
119237,Add Kermi integration,2024-06-09 20:43:06+00:00,2024-08-20 13:04:29+00:00,closed,19,26,70,https://github.com/home-assistant/core/pull/119237,New integration (thank you!),662,2024-08-19T12:07:48Z
121268,Add TRIGGERcmd integration,2024-07-05 00:15:59+00:00,2024-09-12 18:08:28+00:00,merged,14,143,68,https://github.com/home-assistant/core/pull/121268,New integration (thank you!),424,2024-09-11T13:49:38Z
67985,Add Uptime Kuma Integration,2022-03-11 07:17:26+00:00,2022-07-07 18:01:51+00:00,closed,13,4,117,https://github.com/home-assistant/core/pull/67985,New integration (thank you!),345,2022-07-06T17:34:56Z
86636,Add Support for Luxtronik2 heatpumps,2023-01-25 18:32:59+00:00,2023-11-30 23:02:04+00:00,closed,21,17,308,https://github.com/home-assistant/core/pull/86636,New integration (thank you!),1518,2023-11-29T22:07:53Z
70365,Add OSO Energy integration,2022-04-21 10:38:49+00:00,2024-01-30 14:02:16+00:00,merged,14,111,595,https://github.com/home-assistant/core/pull/70365,New integration (thank you!),522,2023-12-08T07:51:59Z
45274,Add Barry,2021-01-17 19:26:29+00:00,2022-07-01 05:13:26+00:00,closed,14,71,528,https://github.com/home-assistant/core/pull/45274,New integration (thank you!),374,2022-06-30T04:32:05Z
59395,Add Uptime Kuma Integration,2021-11-09 03:01:38+00:00,2022-03-12 08:02:02+00:00,closed,0,40,122,https://github.com/home-assistant/core/pull/59395,New integration (thank you!),0,2022-03-11T04:49:30Z
62233,Add Pure Energie integration,2021-12-17 20:53:17+00:00,2022-02-18 02:55:10+00:00,closed,19,0,36,https://github.com/home-assistant/core/pull/62233,New integration (thank you!),573,2022-01-23T00:28:31Z
82024,Add maico integration,2022-11-13 08:37:59+00:00,2023-02-20 23:01:51+00:00,closed,14,32,98,https://github.com/home-assistant/core/pull/82024,New integration (thank you!),550,2023-02-19T22:05:12Z
59660,Add `rtsptowebrtc` integration,2021-11-14 00:50:59+00:00,2022-01-02 21:02:04+00:00,merged,14,32,48,https://github.com/home-assistant/core/pull/59660,New integration (thank you!),542,2022-01-01T20:36:32Z
53140,FjÃ¤rÃ¥skupan kitchen fan,2021-07-18 10:14:58+00:00,2021-08-21 12:02:01+00:00,merged,15,58,33,https://github.com/home-assistant/core/pull/53140,New integration (thank you!),529,2021-08-20T11:41:37Z
87624,Add viaris integration,2023-02-07 10:46:05+00:00,2023-03-07 08:02:11+00:00,closed,16,3,26,https://github.com/home-assistant/core/pull/87624,New integration (thank you!),1842,2023-03-06T06:25:22Z
55619,Add TOLO Sauna (tolo) integration,2021-09-02 21:53:26+00:00,2021-11-27 10:04:23+00:00,merged,17,98,82,https://github.com/home-assistant/core/pull/55619,New integration (thank you!),560,2021-11-24T19:45:13Z
45564,Add econet thermostat support and use getattr for sensors,2021-01-26 15:01:52+00:00,2021-03-26 17:18:58+00:00,merged,9,25,58,https://github.com/home-assistant/core/pull/45564,New integration (thank you!),429,2021-03-25T16:06:52Z
95722,Add Komfovent,2023-07-02 18:12:50+00:00,2023-11-12 11:01:47+00:00,merged,15,59,131,https://github.com/home-assistant/core/pull/95722,New integration (thank you!),454,2023-11-11T10:19:42Z
87872,Add RAPT Bluetooth integration,2023-02-11 09:38:23+00:00,2023-04-18 04:02:04+00:00,merged,16,10,64,https://github.com/home-assistant/core/pull/87872,New integration (thank you!),648,2023-04-17T03:19:03Z
76575,Add Keymitt BLE integration,2022-08-10 21:57:28+00:00,2022-10-08 07:04:59+00:00,merged,19,129,42,https://github.com/home-assistant/core/pull/76575,New integration (thank you!),788,2022-09-22T01:44:37Z
59788,Add new integration luxtronik,2021-11-16 16:13:16+00:00,2022-12-12 19:01:50+00:00,closed,0,49,390,https://github.com/home-assistant/core/pull/59788,New integration (thank you!),0,2022-12-11T18:44:59Z
110816,Add Fyta integration,2024-02-17 20:07:52+00:00,2024-03-16 18:01:50+00:00,merged,18,231,26,https://github.com/home-assistant/core/pull/110816,New integration (thank you!),652,2024-03-15T17:13:35Z
106615,WeatherFlow Forecast (REST API),2023-12-28 23:20:32+00:00,2024-02-28 18:26:26+00:00,merged,16,55,59,https://github.com/home-assistant/core/pull/106615,New integration (thank you!),532,2024-02-26T21:40:21Z
68526,Add PubliBike integration,2022-03-22 21:51:50+00:00,2024-01-27 23:01:52+00:00,closed,17,69,675,https://github.com/home-assistant/core/pull/68526,New integration (thank you!),695,2024-01-26T22:05:01Z
87748,Add Southern company integration,2023-02-09 03:52:58+00:00,2023-09-12 14:01:38+00:00,closed,17,34,214,https://github.com/home-assistant/core/pull/87748,New integration (thank you!),1192,2023-09-11T13:56:15Z
88140,Add waterkotte heatpump,2023-02-14 22:19:39+00:00,2023-06-19 13:04:12+00:00,closed,18,35,123,https://github.com/home-assistant/core/pull/88140,New integration (thank you!),759,2023-06-18T12:06:23Z
68992,Add Azure data explorer,2022-03-31 15:48:05+00:00,2024-05-24 09:01:43+00:00,merged,16,214,783,https://github.com/home-assistant/core/pull/68992,New integration (thank you!),1030,2024-05-23T07:14:09Z
88767,Add lifetime_total helper integration,2023-02-25 21:44:03+00:00,2023-06-19 14:10:20+00:00,closed,13,0,112,https://github.com/home-assistant/core/pull/88767,New integration (thank you!),472,2023-06-18T13:05:24Z
108336,Add SimpleFIN integration,2024-01-19 01:13:22+00:00,2024-07-11 11:01:48+00:00,merged,19,142,173,https://github.com/home-assistant/core/pull/108336,New integration (thank you!),1307,2024-07-10T10:44:04Z
109801,Add Switchgrid integration,2024-02-06 13:37:23+00:00,2024-07-01 22:01:40+00:00,closed,18,35,145,https://github.com/home-assistant/core/pull/109801,New integration (thank you!),378,2024-06-30T21:04:52Z
59402,Add Vconnex integration,2021-11-09 08:12:46+00:00,2023-05-12 04:02:02+00:00,closed,0,27,547,https://github.com/home-assistant/core/pull/59402,New integration (thank you!),0,2023-05-11T03:53:16Z
50677,Add Crownstone integration,2021-05-15 15:36:12+00:00,2021-11-27 00:50:25+00:00,merged,20,123,122,https://github.com/home-assistant/core/pull/50677,New integration (thank you!),1748,2021-09-14T19:46:52Z
60520,Add integration for Moonraker 3d printer service,2021-11-29 02:32:37+00:00,2022-12-04 19:01:38+00:00,closed,21,54,369,https://github.com/home-assistant/core/pull/60520,New integration (thank you!),1749,2022-12-03T18:54:40Z
84435,Add Stookwijzer,2022-12-22 11:12:28+00:00,2023-01-21 13:04:03+00:00,merged,16,34,29,https://github.com/home-assistant/core/pull/84435,New integration (thank you!),303,2023-01-20T12:42:48Z
113156,Add Arve integration,2024-03-12 15:03:43+00:00,2024-06-28 10:14:55+00:00,merged,19,152,27,https://github.com/home-assistant/core/pull/113156,New integration (thank you!),1348,2024-04-08T15:24:33Z
117354,Add support for MikroTik BT5 bluetooth tags,2024-05-13 08:04:44+00:00,2024-07-20 13:02:32+00:00,closed,16,0,67,https://github.com/home-assistant/core/pull/117354,New integration (thank you!),841,2024-07-19T12:07:11Z
52490,Add National Environment Agency weather and sensor components,2021-07-04 03:17:17+00:00,2021-10-12 13:10:33+00:00,closed,7,3,99,https://github.com/home-assistant/core/pull/52490,New integration (thank you!),483,2021-10-11T12:09:40Z
99901,Add integration EyeOnWater,2023-09-08 04:39:48+00:00,2023-12-16 11:01:50+00:00,closed,11,7,98,https://github.com/home-assistant/core/pull/99901,New integration (thank you!),453,2023-12-15T10:05:11Z
63155,Add Remootio integration,2021-12-31 21:19:04+00:00,2024-07-06 19:01:56+00:00,closed,16,181,916,https://github.com/home-assistant/core/pull/63155,New integration (thank you!),1572,2024-07-05T18:11:11Z
84105,New Homewizard climate integration,2022-12-16 16:26:57+00:00,2023-07-04 22:02:10+00:00,closed,14,36,199,https://github.com/home-assistant/core/pull/84105,New integration (thank you!),530,2023-07-03T21:05:10Z
83886,Add EnergyZero integration,2022-12-13 00:16:53+00:00,2023-01-04 22:01:59+00:00,merged,20,52,21,https://github.com/home-assistant/core/pull/83886,New integration (thank you!),1029,2023-01-03T21:28:16Z
55270,Add GCE Eco-Devices integration,2021-08-26 13:01:00+00:00,2022-06-04 23:01:58+00:00,closed,13,8,281,https://github.com/home-assistant/core/pull/55270,New integration (thank you!),1344,2022-06-03T22:05:13Z
82959,Add TED (The Energy Detective) integration,2022-11-30 01:43:41+00:00,2024-03-17 17:01:34+00:00,closed,19,43,472,https://github.com/home-assistant/core/pull/82959,New integration (thank you!),782,2024-03-16T16:05:21Z
48239,Create a motionEye integration,2021-03-23 04:12:30+00:00,2021-04-25 18:11:21+00:00,merged,13,44,32,https://github.com/home-assistant/core/pull/48239,New integration (thank you!),1387,2021-04-24T06:00:28Z
117020,New official genie garage integration,2024-05-07 16:26:43+00:00,2024-06-03 20:01:46+00:00,merged,25,41,22,https://github.com/home-assistant/core/pull/117020,New integration (thank you!),1638,2024-05-29T20:13:28Z
44751,Add AI Speaker integration,2021-01-01 22:59:20+00:00,2021-01-30 12:08:22+00:00,closed,13,78,27,https://github.com/home-assistant/core/pull/44751,New integration (thank you!),405,2021-01-29T07:45:14Z
122148,Add Anglian Water integration,2024-07-18 22:54:11+00:00,2024-10-15 20:01:57+00:00,closed,17,70,87,https://github.com/home-assistant/core/pull/122148,New integration (thank you!),466,2024-10-14T11:05:27Z
121488,Add Iskra integration,2024-07-08 06:20:54+00:00,2024-09-23 10:16:49+00:00,merged,17,170,58,https://github.com/home-assistant/core/pull/121488,New integration (thank you!),1177,2024-09-04T13:33:24Z
98216,Add LoRaWAN integration,2023-08-10 17:04:19+00:00,2023-10-17 22:02:40+00:00,closed,21,4,67,https://github.com/home-assistant/core/pull/98216,New integration (thank you!),1036,2023-10-16T21:32:43Z
46582,Flipr integration,2021-02-15 17:45:44+00:00,2021-08-14 09:37:58+00:00,merged,15,94,156,https://github.com/home-assistant/core/pull/46582,New integration (thank you!),681,2021-07-21T19:35:45Z
106976,Add webmin integration,2024-01-03 18:12:56+00:00,2024-02-27 17:03:44+00:00,merged,21,49,53,https://github.com/home-assistant/core/pull/106976,New integration (thank you!),803,2024-02-26T16:10:11Z
82285,Add signal_messenger_jsonrpc notification,2022-11-17 19:30:21+00:00,2023-02-21 15:02:07+00:00,closed,7,2,94,https://github.com/home-assistant/core/pull/82285,New integration (thank you!),221,2023-02-20T13:35:58Z
75585,Add Sutro integration,2022-07-21 17:48:33+00:00,2023-02-05 15:01:39+00:00,closed,13,28,197,https://github.com/home-assistant/core/pull/75585,New integration (thank you!),631,2023-02-04T14:04:48Z
76863,Add livisi integration,2022-08-16 12:49:02+00:00,2022-11-08 14:04:23+00:00,merged,15,266,83,https://github.com/home-assistant/core/pull/76863,New integration (thank you!),621,2022-11-07T13:40:23Z
83561,New Integration: Honeygain,2022-12-08 16:12:04+00:00,2023-12-04 17:02:36+00:00,closed,14,24,359,https://github.com/home-assistant/core/pull/83561,New integration (thank you!),463,2023-12-03T16:05:11Z
119642,Add Sensoterra integration ,2024-06-13 21:03:20+00:00,2024-09-13 13:36:55+00:00,merged,18,102,83,https://github.com/home-assistant/core/pull/119642,New integration (thank you!),601,2024-09-05T19:37:44Z
44929,Add Meater integration,2021-01-07 21:14:37+00:00,2022-05-13 14:35:22+00:00,merged,14,102,448,https://github.com/home-assistant/core/pull/44929,New integration (thank you!),427,2022-04-01T13:11:37Z
45213,Add Webex presence sensor,2021-01-16 09:47:33+00:00,2021-07-30 12:01:59+00:00,closed,17,37,194,https://github.com/home-assistant/core/pull/45213,New integration (thank you!),809,2021-07-29T11:04:53Z
114531,Add integration for APsystems EZ1 microinverter,2024-03-31 17:40:40+00:00,2024-05-16 13:02:49+00:00,merged,18,103,44,https://github.com/home-assistant/core/pull/114531,New integration (thank you!),471,2024-05-15T02:50:25Z
56062,Add new integration with Micropel PLCs,2021-09-10 13:18:38+00:00,2021-11-30 12:02:10+00:00,closed,11,17,78,https://github.com/home-assistant/core/pull/56062,New integration (thank you!),1107,2021-11-28T13:01:17Z
66130,Add new Rabbit Air integration,2022-02-09 00:32:24+00:00,2024-01-26 15:50:17+00:00,merged,19,97,695,https://github.com/home-assistant/core/pull/66130,New integration (thank you!),743,2024-01-05T15:34:28Z
54438,Create 'new' Tomorrow.io integration which is a rebrand of ClimaCell,2021-08-11 00:32:45+00:00,2022-03-22 04:40:59+00:00,closed,34,0,55,https://github.com/home-assistant/core/pull/54438,New integration (thank you!),3656,2021-10-05T15:25:05Z
95967,Add new integration refoss,2023-07-06 06:56:02+00:00,2023-09-20 02:07:32+00:00,closed,16,69,74,https://github.com/home-assistant/core/pull/95967,New integration (thank you!),459,2023-09-19T01:34:25Z
93777,Add Schlage integration,2023-05-30 02:13:10+00:00,2023-08-06 19:33:55+00:00,merged,17,58,58,https://github.com/home-assistant/core/pull/93777,New integration (thank you!),550,2023-07-27T04:15:01Z
44779,Introduce wiz integration for the WiZ Platform,2021-01-02 23:53:26+00:00,2022-03-02 21:20:05+00:00,merged,14,168,398,https://github.com/home-assistant/core/pull/44779,New integration (thank you!),722,2022-02-05T00:20:21Z
88272,Sun WEG integration,2023-02-16 20:56:25+00:00,2023-12-19 14:01:54+00:00,merged,21,64,295,https://github.com/home-assistant/core/pull/88272,New integration (thank you!),1050,2023-12-09T08:45:40Z
53552,Add Aussie Broadband integration,2021-07-27 11:51:35+00:00,2022-02-03 13:05:50+00:00,merged,15,70,177,https://github.com/home-assistant/core/pull/53552,New integration (thank you!),952,2022-01-21T05:34:25Z
121599,Add Fluss integration,2024-07-09 11:45:17+00:00,2024-09-24 00:07:41+00:00,closed,14,16,75,https://github.com/home-assistant/core/pull/121599,New integration (thank you!),449,2024-09-22T23:05:32Z
101612,Allpowers support,2023-10-07 20:22:01+00:00,2024-02-06 00:05:56+00:00,closed,17,3,120,https://github.com/home-assistant/core/pull/101612,New integration (thank you!),679,2024-02-04T23:12:23Z
54280,Add new integration Discovergy,2021-08-08 18:55:41+00:00,2023-06-08 15:04:39+00:00,merged,19,77,666,https://github.com/home-assistant/core/pull/54280,New integration (thank you!),1067,2023-06-06T17:44:01Z
96722,Introduce new decora_ble integration,2023-07-16 20:54:04+00:00,2024-02-20 14:01:46+00:00,closed,19,12,217,https://github.com/home-assistant/core/pull/96722,New integration (thank you!),1416,2024-02-19T13:05:08Z
107749,Add bzutech integration,2024-01-10 20:28:50+00:00,2024-08-01 20:02:52+00:00,closed,0,54,202,https://github.com/home-assistant/core/pull/107749,New integration (thank you!),0,2024-07-31T19:44:15Z
58710,Add OOCSI integration,2021-10-29 20:04:30+00:00,2022-02-11 16:07:01+00:00,closed,12,6,103,https://github.com/home-assistant/core/pull/58710,New integration (thank you!),456,2022-02-10T15:10:09Z
57630,Add support for ThingBits hub and sensors,2021-10-13 20:37:26+00:00,2022-02-06 23:01:38+00:00,closed,12,0,115,https://github.com/home-assistant/core/pull/57630,New integration (thank you!),275,2022-02-05T22:05:47Z
50196,Add GCE Eco-Devices integration,2021-05-06 20:24:11+00:00,2021-08-25 14:16:24+00:00,closed,259,0,109,https://github.com/home-assistant/core/pull/50196,New integration (thank you!),8954,2021-08-24T12:50:03Z
75091,New integraton iNELS,2022-07-12 20:37:47+00:00,2022-08-24 09:01:52+00:00,closed,21,0,41,https://github.com/home-assistant/core/pull/75091,New integration (thank you!),1385,2022-08-23T08:59:12Z
89504,Add iNELS integration,2023-03-10 12:20:58+00:00,2023-11-30 22:06:45+00:00,closed,18,62,264,https://github.com/home-assistant/core/pull/89504,New integration (thank you!),1198,2023-11-29T21:50:16Z
45628,ELV USB WDE1 integration,2021-01-28 00:18:18+00:00,2021-07-21 19:02:18+00:00,closed,11,0,173,https://github.com/home-assistant/core/pull/45628,New integration (thank you!),230,2021-07-20T18:39:39Z
110207,Add integration Wireguard,2024-02-10 16:54:12+00:00,2024-03-23 15:01:48+00:00,closed,18,7,40,https://github.com/home-assistant/core/pull/110207,New integration (thank you!),717,2024-03-22T14:24:08Z
106420,Add Huum integration,2023-12-26 17:43:57+00:00,2024-01-26 12:02:08+00:00,merged,14,134,29,https://github.com/home-assistant/core/pull/106420,New integration (thank you!),428,2024-01-25T11:55:56Z
79457,Add `datetime` platform,2022-10-02 08:16:06+00:00,2022-11-12 07:01:57+00:00,closed,14,0,39,https://github.com/home-assistant/core/pull/79457,New integration (thank you!),830,2022-11-11T06:33:13Z
47995,Flexpool.io Sensors Integration,2021-03-16 15:11:26+00:00,2021-09-19 00:03:10+00:00,closed,15,37,185,https://github.com/home-assistant/core/pull/47995,New integration (thank you!),673,2021-09-17T23:04:57Z
100110,Add FlexMeasures integration,2023-09-11 08:35:33+00:00,2024-06-02 18:01:53+00:00,closed,22,43,264,https://github.com/home-assistant/core/pull/100110,New integration (thank you!),1126,2024-06-01T17:05:42Z
74893,Add Pylontech integration,2022-07-10 16:43:15+00:00,2023-04-30 14:01:54+00:00,closed,16,9,292,https://github.com/home-assistant/core/pull/74893,New integration (thank you!),983,2023-04-29T13:25:02Z
103387,Add OurGroceries integration,2023-11-04 16:13:27+00:00,2023-11-28 18:01:54+00:00,merged,17,21,22,https://github.com/home-assistant/core/pull/103387,New integration (thank you!),781,2023-11-26T16:38:47Z
70457,Add Melnor Bluetooth valve watering Integration,2022-04-23 00:02:13+00:00,2022-08-31 22:01:52+00:00,merged,16,44,129,https://github.com/home-assistant/core/pull/70457,New integration (thank you!),620,2022-08-30T21:06:44Z
68714,Add Philips air purifier integration,2022-03-26 19:13:29+00:00,2022-10-05 18:07:53+00:00,closed,16,33,191,https://github.com/home-assistant/core/pull/68714,New integration (thank you!),407,2022-10-04T17:49:02Z
120802,Integration for IronOS (Pinecil V2) soldering irons,2024-06-29 03:39:52+00:00,2024-07-30 10:01:59+00:00,merged,20,26,30,https://github.com/home-assistant/core/pull/120802,New integration (thank you!),1581,2024-07-29T09:44:01Z
119784,Add integration Zabbix Event Sensors,2024-06-16 18:59:56+00:00,2024-07-16 07:01:54+00:00,closed,16,0,28,https://github.com/home-assistant/core/pull/119784,New integration (thank you!),631,2024-07-15T06:14:31Z
48048,Add Leviosa Motor Shades Zone hub integration ,2021-03-17 20:46:04+00:00,2021-08-14 21:01:52+00:00,closed,16,2,148,https://github.com/home-assistant/core/pull/48048,New integration (thank you!),716,2021-08-13T20:07:00Z
53050,Add Gotify component,2021-07-15 08:08:48+00:00,2023-10-07 10:02:02+00:00,closed,14,45,813,https://github.com/home-assistant/core/pull/53050,New integration (thank you!),396,2023-10-06T09:33:44Z
90095,Add support for solvis heating via solvis remote sc2_val.xml,2023-03-22 09:04:59+00:00,2023-04-20 09:01:59+00:00,closed,20,22,27,https://github.com/home-assistant/core/pull/90095,New integration (thank you!),1003,2023-04-19T06:35:35Z
98663,Flexit bacnet integration,2023-08-19 07:14:20+00:00,2023-11-29 11:15:17+00:00,closed,18,0,101,https://github.com/home-assistant/core/pull/98663,New integration (thank you!),1051,2023-11-28T10:15:18Z
51002,Add tractive integration,2021-05-23 15:23:38+00:00,2021-08-06 12:01:55+00:00,merged,14,30,73,https://github.com/home-assistant/core/pull/51002,New integration (thank you!),525,2021-08-05T10:47:42Z
85557,Add neevo integration,2023-01-09 19:17:11+00:00,2023-05-07 08:01:57+00:00,closed,15,13,116,https://github.com/home-assistant/core/pull/85557,New integration (thank you!),494,2023-05-06T07:05:00Z
124584,Add Aruba Instant On integration,2024-08-25 17:22:33+00:00,2024-11-01 22:01:56+00:00,closed,8,0,67,https://github.com/home-assistant/core/pull/124584,New integration (thank you!),115,2024-10-31T21:05:24Z
72982,New integration: Poolstation,2022-06-03 13:50:45+00:00,2022-11-03 04:13:18+00:00,closed,20,0,151,https://github.com/home-assistant/core/pull/72982,New integration (thank you!),1024,2022-11-02T03:47:10Z
53801,Add new integration dyson_local,2021-07-31 15:28:28+00:00,2021-12-16 12:01:50+00:00,closed,19,7,136,https://github.com/home-assistant/core/pull/53801,New integration (thank you!),1128,2021-12-15T11:27:29Z
112511,Add aWATTar integration,2024-03-06 16:29:05+00:00,2024-09-28 12:03:52+00:00,closed,16,54,204,https://github.com/home-assistant/core/pull/112511,New integration (thank you!),481,2024-09-27T11:07:13Z
84951,Homely,2023-01-01 18:08:06+00:00,2023-06-08 04:01:55+00:00,closed,17,40,156,https://github.com/home-assistant/core/pull/84951,New integration (thank you!),625,2023-06-07T03:09:47Z
56647,Add nina integration,2021-09-25 15:47:36+00:00,2021-12-18 13:06:53+00:00,merged,17,96,70,https://github.com/home-assistant/core/pull/56647,New integration (thank you!),924,2021-12-05T14:11:03Z
81670,Add integration weenect,2022-11-06 18:19:21+00:00,2023-04-05 12:02:39+00:00,closed,19,11,148,https://github.com/home-assistant/core/pull/81670,New integration (thank you!),824,2023-04-04T11:37:39Z
56299,Add Aseko Pool Live integration,2021-09-16 17:07:46+00:00,2021-12-10 07:54:52+00:00,merged,17,14,80,https://github.com/home-assistant/core/pull/56299,New integration (thank you!),423,2021-12-06T03:02:47Z
48309,Add siren platform,2021-03-25 04:23:41+00:00,2021-07-12 23:01:53+00:00,merged,11,61,108,https://github.com/home-assistant/core/pull/48309,New integration (thank you!),432,2021-07-11T20:51:11Z
96380,Add wake word integration ,2023-07-11 22:25:59+00:00,2023-08-18 21:20:22+00:00,merged,28,72,27,https://github.com/home-assistant/core/pull/96380,New integration (thank you!),1829,2023-08-08T02:22:16Z
104319,Add DROP integration,2023-11-21 15:52:11+00:00,2023-12-23 17:01:47+00:00,merged,20,233,30,https://github.com/home-assistant/core/pull/104319,New integration (thank you!),1411,2023-12-22T13:24:09Z
55954,New integration: Poolstation,2021-09-08 09:58:43+00:00,2022-02-15 20:01:50+00:00,closed,17,57,159,https://github.com/home-assistant/core/pull/55954,New integration (thank you!),651,2022-02-14T19:59:29Z
95093,Add Aprilaire integration,2023-06-23 00:45:43+00:00,2024-02-17 08:01:41+00:00,merged,16,114,238,https://github.com/home-assistant/core/pull/95093,New integration (thank you!),880,2024-02-16T07:30:51Z
66519,Azure data explorer,2022-02-14 15:40:09+00:00,2022-04-01 13:16:50+00:00,closed,17,107,44,https://github.com/home-assistant/core/pull/66519,New integration (thank you!),4342,2022-03-31T12:14:37Z
69167,Add YoLink product integration,2022-04-03 05:29:24+00:00,2022-05-18 08:02:25+00:00,merged,19,148,44,https://github.com/home-assistant/core/pull/69167,New integration (thank you!),741,2022-05-17T07:59:39Z
91194,Add romy vacuum core integration,2023-04-10 23:32:11+00:00,2023-05-26 01:28:37+00:00,closed,15,15,44,https://github.com/home-assistant/core/pull/91194,New integration (thank you!),912,2023-05-25T01:14:32Z
71896,Add LaCrosse View integration,2022-05-15 13:09:42+00:00,2022-08-01 13:09:38+00:00,merged,17,68,73,https://github.com/home-assistant/core/pull/71896,New integration (thank you!),769,2022-07-27T14:37:23Z
